projet,Contact,ESSD
RIFT,Jérôme Demarty,0
DEEP-C,Jean-Philippe Jenny,0
RIFT,Jean-Martial Cohard,0
RIFT,Léna Collet,0
RIFT,Lionel Jarlan,1
RIFT,Valérie Le Dantec,1
RIFT,Olivier Roupsard,0
RIFT,Yann Nouvellon,0
RIFT,Vincent Blanfort,0
RIFT,Laurent Kergoat,0
RIFT,Chloé Ollivier,0
ALAMOD,Pierre Barré,0
ALAMOD, Maria Belen Benitez Carranco ,0
ALAMOD,Nikola Besic,1
ALAMOD,Antonio Bispo,0
ALAMOD,Line Boulonne,0
ALAMOD,Elisa Bruni,0
ALAMOD,Rémi Cardinael,0
ALAMOD,Youssef Chatty,0
ALAMOD,Claire Chenu,0
ALAMOD,Tiphaine Chevallier,0
ALAMOD,Moussa Mory Diédhiou,0
ALAMOD,Alexandre Eymard,0
ALAMOD,Fabien Ferchaud,0
ALAMOD,Bertrand Guenet,0
ALAMOD,Issiakou Alladé Houssoukpèvi,0
ALAMOD,Léa Husson,0
ALAMOD,Kenji Fujisaki,0
ALAMOD,Fabrice Jégou,0
ALAMOD,Lydie Lardy,0
ALAMOD,Julia Le Noë,0
ALAMOD,Raia silvia Massad,0
ALAMOD,Florian Mezerette,0
ALAMOD,Philippe Peylin,9
ALAMOD,Christian Pichot,9
ALAMOD,Renaud Pouysegur,0
ALAMOD,Laurent Saint-André,0
ALAMOD,Vincent Blanfort,0
ALAMOD,Antoine Versini,2
ALAMOD,Annemiek Stegehuis,0
ALAMOD,Alyssa Clavreul,0
DEEP-C,Manon Boulay,0
DEEP-C,Olivia Desgué-Itier,0
DEEP-C,Edward Duarte,0
DEEP-C,Valentin Essert,0
DEEP-C,Ronny Lauerwald,10
DEEP-C,Théo Mazure,10
DEEP-C,Viet Tran-Khac,10
DEEP-C,Justine Frison,10
DEEP-C,Didier Jezequel,0
DEEP-C,Hélène Masclaux,0
DEEP-C,Laurent Millet,0
DEEP-C,Jérôme Gaillardet,0
DEEP-C,Fabien Arnaud,0
DEEP-C,David Gateuille,0
DEEP-C,Etienne Dambrine,0
DEEP-C,David Etienne,1
DEEP-C,Florence Mazier,1
DEEP-C,Isabelle Domaizon,0
DEEP-C,Julien Azuara,1
DEEP-C,Laurent Marquer,1
DEEP-C,Mathieu Dellinger,0
DEEP-C,Nuno Carvalhais,5
DEEP-C,Patrick Durand,0
DEEP-C,Philippe Ciais,46
DEEP-C,Yves Prairie,0
DEEP-C,Pierre Sabatier,2
DEEP-C,Valérie Verneaux,0
DEEP-C,Ahmed-Adam Ali,0
DEEP-C,Anaëlle Simonneau,0
DEEP-C,Charline Giguet-Covex,0
DEEP-C,Emilie Lyautey,0
DEEP-C,Erwan Messager,0
DEEP-C,Georges-Marie Saulnier,0
DEEP-C,Jérôme Poulenard,0
DEEP-C,Pierre Regnier,11
DEEP-C,Vincent Chanudet,0
DEEP-C,Fanny Colas,0
SLAM-B,Aliénor Allain,0
SLAM-B,Christine Delire,2
SLAM-B,Lucie Germain,2
SLAM-B,Maialen Barret,1
SLAM-B,Julien Fouché,0
SLAM-B,Laure Gandois,1
SLAM-B,Olivier Thérond,0
SLAM-B,Baptiste Lesquoy,0
SLAM-B,Wafa Malik,0
SLAM-B,Florian Goutieras,0
SLAM-B,Julie Jimenez,0
SLAM-B,Jonathan Vayssières,0
SLAM-B,Jérémy Pantet,0
SLAM-B,Tiziano Maisonhaute,0
SLAM-B,Michelle Malara,0
SLAM-B,Agathe Souiry,0
SLAM-B,Marc Girard,0
SLAM-B,Sandrine Allain,0
SLAM-B,Thomas Houet,0
SLAM-B,Jean-Luc Chotte,0
SLAM-B,Jean-Marc Blazy,0
SLAM-B,Suzon Garnier,0
SLAM-B,Lorie Hamelin,0
SLAM-B,Hélène Raynal,0
SLAM-B,Hugo Senges,0
SLAM-B,Julie Constantin,0
SLAM-B,Hugues Clivot,0
SLAM-B,Cyprien Drommi,0
SLAM-B,Ludovic Harter,0
SLAM-B,Oliver Fings,0
SLAM-B,Ugo Javourez,0
SLAM-B,Julia Le Noë,0
SLAM-B,Laurent Saint-André,0
SLAM-B,Simon Charriere,0
SLAM-B,Dominique Courault,0
SLAM-B,Manon Dardonville,0
SLAM-B,Bernard Kurek,0
SLAM-B,Arthur Lenoir,0
CANETE,Bertrand Guenet,0
CANETE,Xavier Raynaud,0
CANETE,Lucas Auer,0
CANETE,Laurent Augusto,1
CANETE,François Baudin,0
CANETE,Julien Sainte-Marie,0
CANETE,Tobias Boelscher,0
CANETE,Marie Alexis,0
CANETE,Gwenaëlle Lashermes,0
CANETE,Valérie Pot,0
CANETE,Nicolas Fanin,0
CANETE,Frida Keuper,0
CANETE,Mubarak Mahmud,0
CANETE,Delphine Derrien,0
CANETE,Guillaume Humbert,0
CANETE,Julien Fouché,0
CANETE,Hugues Clivot,0
CANETE,Séverine Piutti,0
CANETE,Clémentine Chirol,0
CANETE,Gonzague Alavoine,0
CANETE,Marc Buée,0
CANETE,Catherine Henault,0
CANETE,Fabien Ferchaud,0
CANETE,Arnaud Legout,0
CANETE,Angélique Gainvors-Claisse,0
CANETE,Maryse Rouelle,0
CANETE,Pascal Thiebeau,0
CANETE,Olivier Delfosse,0
CANETE,Charlotte Stutzmann,0
CANETE,Nicolas Delpierre,1
CANETE,Pierre Trichet,1
CANETE,Bernhard Zeller,1
CANETE,Luiz Domeignoz-Horta,1
CANETE,Ali Faraj,0
CANETE,Guillaume Vitte,0
CANETE,Perle Bressan,0
CANETE,Bastien Gerard,0
CANETE,Loïc Louis,0
CANETE,Nicolas Angeli,0
GREENSCALE,Jean Alric,0
GREENSCALE,Fabien Chardon,0
GREENSCALE,Pierre Rochepeau,0
GREENSCALE,Katia Beauchene,0
GREENSCALE,Lucas Leverne,0
GREENSCALE,Nicolas Vuichard,4
GREENSCALE,Solan Levy,0
GREENSCALE,Xenie Johnson,0
GREENSCALE,Bernard Genty,0
GREENSCALE,Stefania Viola,0
GREENSCALE,Fabienne Maignan,3
GREENSCALE,Nicolas Viovy,7
GREENSCALE,Mathieu Marguerie,7
GREENSCALE,Anne Marmagne,0
GREENSCALE,Léo Tuffery,0
GREENSCALE,Clara Gilloteau,0
RhizoSeqC,Samuel Abiven,0
RhizoSeqC,Adeline Armelin,0
RhizoSeqC,Alexandre Grondin,0
RhizoSeqC,Isabelle Basile,0
RhizoSeqC,Pierre Boutet,0
RhizoSeqC,Brian Phouybanhdyt,0
RhizoSeqC,Caroline Gauthier,0
RhizoSeqC,Cathy Clermont-Dauphin,0
RhizoSeqC,Christine Hatte,1
RhizoSeqC,Blanche Collin,0
RhizoSeqC,Daniel Moukouanga,0
RhizoSeqC,David Pot,0
RhizoSeqC,Delphine Derrien,0
RhizoSeqC,Dominique Masse,0
RhizoSeqC,Adrien Duvivier,0
RhizoSeqC,Fabien De Bellis,0
RhizoSeqC,Frederic Rees,0
RhizoSeqC,Ghislain Gassier,0
RhizoSeqC,Johannes Stuttmann,0
RhizoSeqC,Komi Assigbetse,0
RhizoSeqC,Laurent Cournac,0
RhizoSeqC,Laurent Laplaze,0
RhizoSeqC,Ludovic Henneron,0
RhizoSeqC,Mariama Gueye,0
RhizoSeqC,Marie-Ange Palomares,0
RhizoSeqC,Sylvain Fochesato,0
RhizoSeqC,Thierry Heulin,0
RhizoSeqC,Vincent Garin,0
RhizoSeqC,Vincent Vadez,0
RhizoSeqC,Laurence Vidal,0
RhizoSeqC,Wafa Achouak,0
CO2_CMPhi,Hélène Launay,0
CO2_CMPhi,Matthieu Bergé,0
CO2_CMPhi,Amel Latifi,0
CO2_CMPhi,Gilles Peltier,0
CO2_CMPhi,Yonghua Li-Beisson,0
CO2_CMPhi,Olivier Bornet,0
CO2_CMPhi,Glaucia Squizato,0
RIFT,Gilles Boulet,0
RIFT,Joannès Guillemot,0
RIFT,Nicolas Barbier,1
RIFT,Ivan Cornut,1
RIFT,Emmanuel Tillard,0
RIFT,Ibrahim Maïnassara,0
RIFT,Damien Raclot,0
PEACE,Liudmila Shirokova,0
PEACE,Antoine Séjourné,0
PEACE,Maialen Barret,1
PEACE,Julien Fouché,0
PEACE,Marie Anne Alexis,0
PEACE,Samuel Abiven,0
PEACE,Laure Gandois,1
PEACE,Christine Delire,2
PEACE,Bertrand Decharme,2
PEACE,Xavier Raynaud,0
PEACE,Laurent Orgogozo,0
CarboNium,Laure Gandois,1
TROPECOS,Gwenaël Abril,1
TROPECOS,Vincent Vantrepotte,0
TROPECOS,Marie Arnaud,0
TROPECOS,Aurélia Mouret,0
TROPECOS,Tarik Meziane,0
TROPECOS,Cédric Hubas,0
TROPECOS,Charlotte Dromard,0
TROPECOS,Pierre Le Moal,0
TROPECOS,Cyril Marchand,0
TROPECOS,Maximilien Mathian,0
TROPECOS,Kapeliele Gututauava,0
TROPECOS,Cornélia Rumpel,0
TROPECOS,Dominique Lamy,0
TROPECOS,Philélia Biron,0
TROPECOS,Axel Felbacq,0
TROPECOS,Julien Nemery,0
TROPECOS,Nicolas Gratiot,0
TROPECOS,Roberto Grilli,0
TROPECOS,Edouard Metzger,0
TROPECOS,Eric Bénéteau,0
TROPECOS,Christophe Proisy,0
TROPECOS,Jean-Luc Maeght,0
TROPECOS,Lucie Lacourte,0
TROPECOS,Sabine Schmidt,12
TROPECOS,Hubert Loisel,12
CABESTAN,Pierre Anschutz,0
CABESTAN,Vona Méléder,0
CABESTAN,Mélanie Raimonet,0
CABESTAN,Florian Cesbron,0
CABESTAN,Dominique Davoult,0
CABESTAN,Fabien Gibert,0
CABESTAN,Christine Dupuy,1
CABESTAN,Edouard Metzger,0
CABESTAN,Lionel Denis,0
CABESTAN,Eric Chaumillon,0
CABESTAN,Aurélia Mouret,0
CABESTAN,Nicolas Spilmont,0
CABESTAN,Emma Michaud,0
CABESTAN,Johann Lavaud,1
CABESTAN,Régis Gallon,1
CABESTAN,Aline Migné,0
CABESTAN,Cédric Boulart,0
SLAM-B,Alexis Drogoul,0
SLAM-B,Benoit Gaudou,0
SLAM-B,Eléonor Loiseau,0
SLAM-B,Patrice Buche,0
SLAM-B,Pierre Thiriet,0
SLAM-B,Jean-Christophe Soulié,0
SLAM-B,Jean-Denis Mathias,0
SLAM-B,Alassane Bah,0
SLAM-B,Dominique Masse,0
SLAM-B,Kevin Bertin,0
SLAM-B,Petros Chatzimpiros,0
SLAM-B,Antonello Lobianco,0
CLIM-FAS,Kamel Louhichi,0
CLIM-FAS,Bertrand Guenet,0
CLIM-FAS,Douadia Bougherara,0
CLIM-FAS,Sabine Lavorel,0
CLIM-FAS,Raluca Parvulescu,0
CLIM-FAS,Claudia Teran Escobar,0
CLIM-FAS,Laure Bamière,0
CLIM-FAS,Stéphane De Cara,0
CLIM-FAS,Raphaële Preget,0
CLIM-FAS,Sophie Thoyer,0
CLIM-FAS,Jean-Philippe Boussemart,0
CLIM-FAS,Laurence Delattre,0
CLIM-FAS,Zhiyang Shen,0
CLIM-FAS,Humberto Brea-Solis,0
CLIM-FAS,Patricia Benezech-Sarron,0
CLIM-FAS,Alexandra Langlais,0
CLIM-FAS,Adrien Baysse-Lainé,0
CLIM-FAS,Maylis Desrousseaux,0
CLIM-FAS,Oriane Sulpice,0
PREFALIM,Fabrice Etilé,0
PREFALIM,Carole Dalin,0
PREFALIM,Anne-Célia Disdier,0
PREFALIM,Carl Gaigné,0
PREFALIM,Christophe Gouel,0
PREFALIM,Marie Plessz,0
PREFALIM,Céline Bonnet,0
PREFALIM,Laurent Muller,0
PREFALIM,Benjamin Ouvrard,0
PREFALIM,Marc Fleurbaey,0
PREFALIM,Stéphane Zuber,0
PREFALIM,Julia Le Noë,0
Drought for C,Jean-Marc Limousin,1
Drought for C,Jean-Marc Ourcival,1
Drought for C,Jean Kempf,0
Drought for C,Isabelle Chuine,0
Drought for C,Florent Mouillot,2
Drought for C,Christian Pichot,0
Drought for C,Guillaume Simioni,0
Drought for C,Olivier Marloie,0
Drought for C,Nicolas Martin Stpaul,1
Drought for C,Maxime Cailleret,0
Drought for C,Mathieu Santonja,0
Drought for C,Virginie Baldy,0
Drought for C,Elena Ormeno,0
Drought for C,Ilja Marco Reiter,0
Drought for C,Catherine Fernandez,0
Drought for C,Marie-Pierre Turpault,0
Drought for C,Paul-Olivier Redon,0
Drought for C,Xavier Morin,0
Drought for C,Nicolas Delpierre,1
Drought for C,Daniel Berveiller,1
Drought for C,Christophe Francois,0
Drought for C,Ivan Cornut,0
Drought for C,Yann Nouvellon,0
Drought for C,Guerric Le Maire,1
Drought for C,Aude Valade,0
Drought for C,Joannès Guillemot,0
Drought for C,Jean-Paul Laclau,0
Drought for C,Denis Loustau,1
Drought for C,Jean-Christophe Domec,1
Drought for C,Christophe Chipeaux,1
Drought for C,Mark Bakker,0
Drought for C,Mathias Cuntz,0
Drought for C,Emilie Joetzjer,2
CrosyeN,Yann Nouvellon,2
CrosyeN,Lionel Alletto,0
CrosyeN,Pascal Jouquet,0
CrosyeN,Mathilde Sester,0
CrosyeN,Gilles Tison,0
CrosyeN,Isabelle Bertrand,0
CrosyeN,Catherine Henault,0
CrosyeN,Joël Leonard,0
CrosyeN,Florent Tivet,0
CrosyeN,Myriam Adam,0
CrosyeN,Rémi Cardinael,0
CrosyeN,Eric Justes,0
CrosyeN,"Benoit Marie ""ISEM""",0
ALAMOD,Eric Ceschia,0
ALAMOD,Benjamin Loubet,0
ALAMOD,Isabelle Cousin,0
ALAMOD,Gwenaëlle Lashermes,0
ALAMOD,François Lebourgeois,0
ALAMOD,Emmanuel Tillard,0
ALAMOD,Aurélie Cambou,0
ALAMOD,Cécile Gomez,0
ALAMOD,François Baudin,0
ALAMOD,Frédéric Frappart,4
ALAMOD,Agnès Grossel,0
ALAMOD,Bruna Winck,0
ALAMOD,Israël Kpemoua,0
CABESTAN,Benjamin Amann,1
CarboNium,Camille Bouchez,0
CarboNium,Julien Bouchez,1
CarboNium,Eric Chaumillon,0
CarboNium,Eliot Chatton,0
CarboNium,Christine Dupuy,1
CarboNium,Yoann Copard,1
CarboNium,Camille Crapart,0
CarboNium,Sophie Darfeuil,1
CarboNium,Clément Fabre,0
CarboNium,Laure Gandois,1
CarboNium,Josette Garnier,0
CarboNium,Sébastien Gogo,1
CarboNium,Sophie Guillon,1
CarboNium,Adrien Jacotot,1
CarboNium,Didier Jezequel,0
CarboNium,Line Jourdain,0
CarboNium,Viet Tran-Khac,0
CarboNium,Wolfgang Ludwig cefrem,0
CarboNium,Jeremy Mayen,0
CarboNium,Edouard Metzger,0
CarboNium,Jean-Sébastien Moquet,0
CarboNium,Julien Nemery,0
CarboNium,Pierre Polsenaere,1
CarboNium,Cristina Ribaudo,0
CarboNium,Philippe Rosa,0
CarboNium,Nicolas Savoye,2
CarboNium,Vincent Thieu,2
CarboNium,Delphine Tisserand,1
CarboNium,Claire Verin,0
CarboNium,Marine Afonso,0
CarboNium,Valentin Essert,0
CarboNium,Justine Frison,0
CarboNium,Hélène Masclaux,0
CarboNium,Vona Méléder,0
CarboNium,Laurent Millet,0
CarboNium,Roxane Ory,0
CarboNium,Hajar Saadelimanni,0
Drought for C,Thierry Dutoit,0
ALAMOD,Olivier Darsonville,0
ALAMOD,Sylvie Assagba,0
PEACE,Oleg Pokrovsky,0
CrosyeN,Julien Demenois,0
PEPR,Jérôme Dutroncy,0
PEPR,Perrine Franquet,0
PEPR,Claire Heitz,0
