Contact,ORCID
Jérôme Demarty,0000-0001-5173-9030
Jean-Philippe Jenny,0000-0002-2740-174X
Jean-Martial Cohard,0000-0001-8418-8888
Léna Collet,0009-0004-6092-7534
Lionel Jarlan,0000-0002-6542-5793
Valérie Le Dantec,0000-0002-8744-9024
Olivier Roupsard,0000-0002-1319-142X
Yann Nouvellon,0000-0003-1920-3847
Vincent Blanfort,0000-0002-9280-9119
Laurent Kergoat,0000-0003-1792-8473
Chloé Ollivier,0000-0003-0526-0488
Pierre Barré,0000-0002-0822-0556
Nikola Besic,0000-0002-2597-4042
Antonio Bispo,0000-0002-6985-8385
Line Boulonne,0000-0002-5789-6691
Elisa Bruni,0000-0001-5820-1153
Rémi Cardinael,0000-0002-9924-3269
Youssef Chatty,
Claire Chenu,0000-0001-9054-0489
Tiphaine Chevallier,0000-0001-8285-3856
Moussa Mory Diédhiou,0009-0008-6233-0626
Alexandre Eymard,0009-0007-3908-970X
Fabien Ferchaud,0000-0002-2078-3570
Bertrand Guenet,0000-0002-4311-8645
Issiakou Alladé Houssoukpèvi,0000-0002-9810-2114
Léa Husson,
Kenji Fujisaki,0000-0001-5067-2567
Fabrice Jégou,0000-0003-3527-1399
Lydie Lardy,0000-0003-0393-3239
Julia Le Noë,0000-0001-8816-5800
Raia silvia Massad,0000-0002-1296-1744
Florian Mezerette,0009-0005-4494-0584
Philippe Peylin,0000-0001-9335-6994
Christian Pichot,0000-0003-1636-9438
Renaud Pouysegur,0009-0005-6175-0598
Laurent Saint-André,0000-0002-3089-416X
Vincent Blanfort,0000-0002-9280-9119
Antoine Versini,0000-0001-9799-2701
Annemiek Stegehuis,
Alyssa Clavreul,0000-0003-1758-6661
Manon Boulay,
Olivia Desgué-Itier,
Edward Duarte,0000-0001-8788-909X
Valentin Essert,0000-0002-3197-7397
Ronny Lauerwald,0000-0001-5554-0897
Théo Mazure,0009-0001-0098-2855
Viet Tran-Khac,0009-0009-2450-3925
Justine Frison,
Didier Jezequel,0000-0002-1983-9899
Hélène Masclaux,0000-0002-5869-8419
Laurent Millet,0000-0003-2050-206X
Jérôme Gaillardet,0000-0001-7982-1159
Fabien Arnaud,0000-0002-8706-9902
David Gateuille,0000-0002-3351-7458
Etienne Dambrine,0000-0001-8982-6340
David Etienne,0000-0003-1139-8678
Florence Mazier,0000-0003-2643-0925
Isabelle Domaizon,0000-0001-9785-3082
Julien Azuara,0000-0002-3533-3281
Laurent Marquer,0000-0002-5772-3782
Mathieu Dellinger,0000-0002-1770-4333
Nuno Carvalhais,0000-0003-0465-1436
Patrick Durand,0000-0002-5597-4457
Philippe Ciais,0000-0001-8560-4943
Yves Prairie,0000-0003-1210-992X
Pierre Sabatier,0000-0002-2734-1791
Valérie Verneaux,
Ahmed-Adam Ali,0000-0002-6927-6633
Anaëlle Simonneau,0000-0001-6194-4812
Charline Giguet-Covex,0000-0002-5141-4815
Emilie Lyautey,0000-0003-0754-197X
Erwan Messager,0000-0001-5192-9088
Georges-Marie Saulnier,0000-0002-9130-7002
Jérôme Poulenard,0000-0003-0810-0308
Pierre Regnier,0000-0002-3241-3235
Vincent Chanudet,0000-0001-5980-5426
Fanny Colas,0000-0002-5485-6715
Aliénor Allain,0000-0002-5786-8754
Christine Delire,0000-0002-6114-3211
Lucie Germain,0009-0007-9644-3998
Maialen Barret,0000-0003-1583-4502
Julien Fouché,0000-0002-3943-3001
Laure Gandois,0000-0002-9326-6830
Olivier Thérond,0000-0003-0191-3509
Baptiste Lesquoy,
Wafa Malik,0000-0002-3581-9652
Florian Goutieras,
Julie Jimenez,0000-0002-6802-4696
Jonathan Vayssières,0000-0003-3127-7208
Jérémy Pantet,0009-0001-1771-8591
Tiziano Maisonhaute,0009-0005-1544-9454
Michelle Malara,
Agathe Souiry,
Marc Girard,0000-0001-7215-5237
Sandrine Allain,0000-0002-2868-8711
Thomas Houet,0000-0001-5890-6145
Jean-Luc Chotte,0000-0003-0633-0898
Jean-Marc Blazy,0000-0002-4132-0217
Suzon Garnier,0009-0007-3897-3886
Lorie Hamelin,0000-0001-9092-1900
Hélène Raynal,0000-0002-3492-0564
Hugo Senges,
Julie Constantin,0000-0001-9647-5374
Hugues Clivot,0000-0002-5723-6925
Cyprien Drommi,0009-0005-4363-8850
Ludovic Harter,0009-0002-7417-7821
Oliver Fings,
Ugo Javourez,0000-0001-6094-5493
Julia Le Noë,0000-0001-8816-5800
Laurent Saint-André,0000-0002-3089-416X
Simon Charriere,
Dominique Courault,0000-0002-4812-127X
Manon Dardonville,0000-0003-0265-4385
Bernard Kurek,0000-0003-0756-8304
Arthur Lenoir,0000-0002-1248-2268
Bertrand Guenet,0000-0002-4311-8645
Xavier Raynaud,0000-0002-4100-3035
Lucas Auer,0000-0003-0223-9325
Laurent Augusto,0000-0002-7049-6000
François Baudin,0000-0003-3180-459X
Julien Sainte-Marie,0000-0002-8108-3519
Tobias Boelscher,
Marie Anne Alexis,0000-0002-8280-1367
Gwenaëlle Lashermes,0000-0002-8269-3562
Valérie Pot,0000-0001-8210-7853
Nicolas Fanin,0000-0003-4195-855X
Frida Keuper,0000-0001-8673-7991
Mubarak Mahmud,0000-0003-1477-4990
Delphine Derrien,0000-0002-6482-2316
Guillaume Humbert,0000-0002-5071-1367
Julien Fouché,0000-0002-3943-3001
Hugues Clivot,0000-0002-5723-6925
Séverine Piutti,0000-0001-6334-0721
Clémentine Chirol,0000-0003-0932-4725
Gonzague Alavoine,0000-0001-5741-1087
Marc Buée,0000-0001-8614-3886
Catherine Henault,0000-0002-1210-2499
Fabien Ferchaud,0000-0002-2078-3570
Arnaud Legout,0000-0003-4706-424X
Angélique Gainvors-Claisse,0000-0002-7473-6112
Maryse Rouelle,0000-0002-6020-9610
Pascal Thiebeau,0000-0001-9120-652X
Olivier Delfosse,0009-0004-1220-4366
Charlotte Stutzmann,
Nicolas Delpierre,0000-0003-0906-9402
Pierre Trichet,0000-0002-6938-1353
Bernhard Zeller,0000-0002-7035-7203
Luiz Domeignoz-Horta,
Ali Faraj,0000-0001-6171-2720
Guillaume Vitte,0009-0009-8809-3216
Perle Bressan,
Bastien Gerard,0000-0003-3132-0552
Loïc Louis,0000-0003-3806-5478
Nicolas Angeli,
Jean Alric,0000-0003-3574-2234
Fabien Chardon,0000-0001-7909-3884
Katia Beauchene,
Lucas Leverne,0009-0006-4131-7567
Nicolas Vuichard,0000-0002-3397-7948
Solan Levy,
Xenie Johnson,0000-0003-3424-7047
Bernard Genty,0009-0001-5537-0522
Stefania Viola,0000-0002-6201-5772
Fabienne Maignan,0000-0001-5024-5928
Nicolas Viovy,0000-0002-9197-6417
Mathieu Marguerie,
Anne Marmagne,0000-0003-3466-9477
Léo Tuffery,
Clara Gilloteau,
Samuel Abiven,0000-0002-5663-0912
Adeline Armelin,
Alexandre Grondin,0000-0001-6726-6274
Isabelle Basile,0000-0002-0587-8141
Pierre Boutet,0009-0005-5171-9394
Brian Phouybanhdyt,0009-0008-5628-2453
Caroline Gauthier,0000-0002-5876-5896
Cathy Clermont-Dauphin,0000-0001-6500-9194
Christine Hatte,0000-0002-7086-2672
Blanche Collin,0000-0001-6173-1227
Daniel Moukouanga,
David Pot,0000-0002-1480-9826
Delphine Derrien,0000-0002-6482-2316
Dominique Masse,0000-0002-3165-1469
Adrien Duvivier,0000-0003-1842-2802
Fabien De Bellis,0000-0001-7070-7691
Frederic Rees,0000-0002-4827-4452
Ghislain Gassier,0000-0003-2873-0251
Johannes Stuttmann,0000-0002-6207-094X
Komi Assigbetse,0000-0002-5181-6603
Laurent Cournac,0000-0003-0371-938X
Laurent Laplaze,0000-0002-6568-6504
Ludovic Henneron,0000-0002-3979-0543
Mariama Gueye,
Marie-Ange Palomares,
Sylvain Fochesato,
Thierry Heulin,0000-0001-9502-2218
Vincent Garin,0000-0002-5571-1841
Vincent Vadez,0000-0003-2014-0281
Laurence Vidal,0000-0001-7597-3753
Wafa Achouak,0000-0003-4297-6661
Hélène Launay,0000-0003-0639-2642
Matthieu Bergé,0000-0002-0910-6114
Amel Latifi,0000-0002-0776-7349
Gilles Peltier,0000-0002-2226-3931
Yonghua Li-Beisson,0000-0003-1064-1816
Olivier Bornet,0000-0001-8931-4353
Glaucia Squizato,
Gilles Boulet,0000-0002-3905-7560
Joannès Guillemot,0000-0003-4385-7656
Nicolas Barbier,0000-0002-5323-3866
Ivan Cornut,0000-0002-0043-4234
Emmanuel Tillard,0000-0001-7801-2392
Ibrahim Maïnassara,
Damien Raclot,0000-0002-6445-6168
Liudmila Shirokova,0000-0001-9368-9086
Antoine Séjourné,
Maialen Barret,0000-0003-1583-4502
Julien Fouché,0000-0002-3943-3001
Marie Anne Alexis,0000-0002-8280-1367
Samuel Abiven,0000-0002-5663-0912
Laure Gandois,0000-0002-9326-6830
Christine Delire,0000-0002-6114-3211
Bertrand Decharme,0000-0002-8661-1464
Xavier Raynaud,0000-0002-4100-3035
Laurent Orgogozo,0000-0001-7752-1427
Laure Gandois,0000-0002-9326-6830
Gwenaël Abril,0000-0002-4914-086X
Vincent Vantrepotte,0000-0002-0495-5977
Marie Arnaud,0000-0002-9650-3256
Aurélia Mouret,0000-0002-2258-7696
Tarik Meziane,0000-0003-2142-6441
Cédric Hubas,0000-0002-9110-9292
Charlotte Dromard,0000-0003-2877-1096
Pierre Le Moal,
Cyril Marchand,0000-0002-3991-9431
Maximilien Mathian,0000-0003-2564-0410
Kapeliele Gututauava,
Cornélia Rumpel,0000-0003-2131-9451
Dominique Lamy,0009-0000-0605-1624
Philélia Biron,
Axel Felbacq,0000-0002-5611-6606
Julien Nemery,0000-0001-9826-7739
Nicolas Gratiot,0000-0002-9053-1694
Roberto Grilli,0000-0001-5636-264X
Edouard Metzger,0000-0002-5838-4540
Eric Bénéteau,
Christophe Proisy,0000-0002-6718-863X
Jean-Luc Maeght,0000-0002-7292-1955
Lucie Lacourte,
Sabine Schmidt,0000-0002-5657-7488
Hubert Loisel,0000-0003-2905-6465
Pierre Anschutz,0000-0001-5331-7974
Vona Méléder,0000-0002-1874-1929
Mélanie Raimonet,0000-0001-5953-3950
Florian Cesbron,0000-0001-7141-8592
Dominique Davoult,0000-0001-8678-3998
Fabien Gibert,
Christine Dupuy,0000-0002-5634-1336
Edouard Metzger,0000-0002-5838-4540
Lionel Denis,0000-0003-3890-2037
Eric Chaumillon,0000-0003-1823-7834
Aurélia Mouret,0000-0002-2258-7696
Nicolas Spilmont,0000-0002-2380-1113
Emma Michaud,0000-0002-7304-4069
Johann Lavaud,0000-0002-4704-2502
Régis Gallon,0000-0002-1152-2408
Aline Migné,
Cédric Boulart,0000-0003-2080-6987
Alexis Drogoul,0000-0002-9685-9199
Benoit Gaudou,0000-0002-9005-3004
Eléonor Loiseau,
Patrice Buche,0000-0002-9134-5404
Pierre Thiriet,0000-0002-8030-4703
Jean-Christophe Soulié,0000-0003-2904-9548
Jean-Denis Mathias,0000-0002-6172-9079
Alassane Bah,0000-0003-1916-1931
Dominique Masse,0000-0002-3165-1469
Kevin Bertin,0000-0003-2437-6312
Petros Chatzimpiros,0000-0002-7696-7344
Antonello Lobianco,0000-0002-1534-8697
Kamel Louhichi,0000-0001-8449-5693
Bertrand Guenet,0000-0002-4311-8645
Douadia Bougherara,0000-0001-9976-8543
Sabine Lavorel,0009-0009-4425-0881
Raluca Parvulescu,0000-0003-1752-783X
Claudia Teran Escobar,0000-0002-3247-488X
Laure Bamière,0000-0001-6663-6472
Stéphane De Cara,0000-0002-2559-1877
Raphaële Preget,0000-0003-2650-148X
Sophie Thoyer,0000-0003-2900-2117
Jean-Philippe Boussemart,0000-0001-7932-6940
Laurence Delattre,0000-0002-1706-9958
Zhiyang Shen,0000-0002-5126-6461
Humberto Brea-Solis,0000-0001-5162-6546
Patricia Benezech-Sarron,
Alexandra Langlais,0009-0007-9283-5038
Adrien Baysse-Lainé,0000-0002-8148-3483
Maylis Desrousseaux,0000-0002-4138-1431
Oriane Sulpice,0009-0007-6987-5584
Fabrice Etilé,0000-0001-5783-1823
Carole Dalin,0000-0002-2123-9622
Anne-Célia Disdier,0000-0002-0014-7091
Carl Gaigné,0000-0002-1540-234X
Christophe Gouel,0000-0002-3946-5222
Marie Plessz,0000-0001-7026-6224
Céline Bonnet,0000-0002-5355-6489
Laurent Muller,0000-0001-9634-4323
Benjamin Ouvrard,0000-0001-8314-0006
Marc Fleurbaey,0000-0002-5342-8065
Stéphane Zuber,0000-0002-4111-2397
Julia Le Noë,0000-0001-8816-5800
Jean-Marc Limousin,0000-0002-2734-2495
Jean-Marc Ourcival,0000-0002-3557-3496
Jean Kempf,0009-0006-2727-6797
Isabelle Chuine,0000-0003-3308-8785
Florent Mouillot,0000-0002-6548-4830
Christian Pichot,0000-0003-1636-9438
Guillaume Simioni,0009-0008-9218-8966
Olivier Marloie,0009-0001-9930-7111
Nicolas Martin Stpaul,
Maxime Cailleret,0000-0001-6561-1943
Mathieu Santonja,0000-0002-6322-6352
Virginie Baldy,0000-0002-4048-5132
Elena Ormeno,0000-0002-3265-5883
Ilja Marco Reiter,
Catherine Fernandez,0000-0002-6868-4774
Marie-Pierre Turpault,0009-0002-0483-892X
Paul-Olivier Redon,0000-0001-8734-1489
Xavier Morin,0000-0001-9999-0355
Nicolas Delpierre,0000-0003-0906-9402
Daniel Berveiller,0000-0001-7461-6420
Christophe Francois,0000-0003-4480-1822
Ivan Cornut,0000-0002-0043-4234
Yann Nouvellon,0000-0003-1920-3847
Guerric Le Maire,0000-0002-5227-958X
Aude Valade,0000-0001-6098-0643
Joannès Guillemot,0000-0003-4385-7656
Jean-Paul Laclau,0000-0002-2506-214X
Denis Loustau,0000-0003-3990-400X
Jean-Christophe Domec,0000-0003-0478-2559
Christophe Chipeaux,0000-0003-0338-8517
Mark Bakker,0000-0002-5629-2861
Mathias Cuntz,
Emilie Joetzjer,0000-0001-6781-1535
Yann Nouvellon,0000-0003-1920-3847
Lionel Alletto,0000-0003-0933-9476
Pascal Jouquet,0000-0002-4189-5133
Mathilde Sester,0000-0002-2329-9119
Gilles Tison,0000-0003-4650-6085
Isabelle Bertrand,0000-0002-5646-0423
Catherine Henault,0000-0002-1210-2499
Joël Leonard,0000-0001-9950-9293
Florent Tivet,0000-0002-1179-8703
Myriam Adam,0000-0002-8873-6762
Rémi Cardinael,0000-0002-9924-3269
Eric Justes,0000-0001-7390-7058
"Benoit Marie ""ISEM""",0000-0001-5378-3940
Eric Ceschia,0000-0001-5941-752X
Benjamin Loubet,0000-0001-8825-8775
Isabelle Cousin,0000-0002-6238-5757
Gwenaëlle Lashermes,0000-0002-8269-3562
François Lebourgeois,0000-0002-2040-6150
Emmanuel Tillard,0000-0001-7801-2392
Aurélie Cambou,0000-0002-4661-7466
Cécile Gomez,0000-0002-2986-430X
François Baudin,0000-0003-3180-459X
Frédéric Frappart,0000-0002-4661-8274
Agnès Grossel,0000-0002-2659-9416
Bruna Winck,0000-0002-7996-9855
Israël Kpemoua,0000-0001-6589-4744
Benjamin Amann,0000-0002-0101-0433
Camille Bouchez,0000-0002-3094-6070
Julien Bouchez,0000-0003-4832-1615
Eric Chaumillon,0000-0003-1823-7834
Eliot Chatton,0000-0002-8234-1479
Christine Dupuy,0000-0002-5634-1336
Yoann Copard,0000-0002-6073-5100
Camille Crapart,0000-0001-9550-1075
Sophie Darfeuil,0000-0003-3307-2548
Clément Fabre,0009-0003-5592-7452
Laure Gandois,0000-0002-9326-6830
Josette Garnier,0000-0001-9416-9242
Sébastien Gogo,0000-0002-0867-497X
Sophie Guillon,0000-0002-1694-5477
Adrien Jacotot,0000-0002-0126-7597
Didier Jezequel,0000-0002-1983-9899
Line Jourdain,
Viet Tran-Khac,0009-0009-2450-3925
Wolfgang Ludwig cefrem,0000-0002-3154-9114
Jeremy Mayen,0009-0001-9032-7079
Edouard Metzger,0000-0002-5838-4540
Jean-Sébastien Moquet,0000-0003-1925-9306
Julien Nemery,0000-0001-9826-7739
Pierre Polsenaere,0000-0002-2454-485X
Cristina Ribaudo,0000-0001-8992-221X
Philippe Rosa,0000-0001-6621-3445
Nicolas Savoye,0000-0001-6433-8519
Vincent Thieu,0000-0002-5753-8624
Delphine Tisserand,0000-0002-4749-8294
Claire Verin,
Marine Afonso,
Valentin Essert,0000-0002-3197-7397
Justine Frison,
Hélène Masclaux,0000-0002-5869-8419
Vona Méléder,0000-0002-1874-1929
Laurent Millet,0000-0003-2050-206X
Roxane Ory,
Hajar Saadelimanni,
Thierry Dutoit,0000-0001-9461-9215
Olivier Darsonville,0009-0003-5568-6660
Sylvie Assagba,
Oleg Pokrovsky,0000-0002-6440-865X
Julien Demenois,0000-0002-2271-8465
Jérôme Dutroncy,0009-0007-1574-700X
Perrine Franquet,
Claire Heitz,
