Contact,ORCID,Nombre_publis
Jérôme Demarty,0000-0001-5173-9030,151.0
Jean-Philippe Jenny,0000-0002-2740-174X,17.0
Jean-Martial Cohard,0000-0001-8418-8888,45.0
Léna Collet,0009-0004-6092-7534,0.0
Lionel Jarlan,0000-0002-6542-5793,132.0
Valérie Le Dantec,0000-0002-8744-9024,4.0
Olivier Roupsard,0000-0002-1319-142X,0.0
Yann Nouvellon,0000-0003-1920-3847,140.0
Vincent Blanfort,0000-0002-9280-9119,22.0
Laurent Kergoat,0000-0003-1792-8473,0.0
Chloé Ollivier,0000-0003-0526-0488,8.0
Pierre Barré,0000-0002-0822-0556,55.0
Nikola Besic,0000-0002-2597-4042,64.0
Antonio Bispo,0000-0002-6985-8385,158.0
Line Boulonne,0000-0002-5789-6691,49.0
Elisa Bruni,0000-0001-5820-1153,4.0
Rémi Cardinael,0000-0002-9924-3269,58.0
Youssef Chatty,,
Claire Chenu,0000-0001-9054-0489,42.0
Tiphaine Chevallier,0000-0001-8285-3856,76.0
Moussa Mory Diédhiou,0009-0008-6233-0626,0.0
Alexandre Eymard,0009-0007-3908-970X,1.0
Fabien Ferchaud,0000-0002-2078-3570,47.0
Bertrand Guenet,0000-0002-4311-8645,222.0
Issiakou Alladé Houssoukpèvi,0000-0002-9810-2114,8.0
Léa Husson,,
Kenji Fujisaki,0000-0001-5067-2567,13.0
Fabrice Jégou,0000-0003-3527-1399,71.0
Lydie Lardy,0000-0003-0393-3239,78.0
Julia Le Noë,0000-0001-8816-5800,46.0
Raia silvia Massad,0000-0002-1296-1744,69.0
Florian Mezerette,0009-0005-4494-0584,0.0
Philippe Peylin,0000-0001-9335-6994,119.0
Christian Pichot,0000-0003-1636-9438,9.0
Renaud Pouysegur,0009-0005-6175-0598,0.0
Laurent Saint-André,0000-0002-3089-416X,289.0
Vincent Blanfort,0000-0002-9280-9119,22.0
Antoine Versini,0000-0001-9799-2701,10.0
Annemiek Stegehuis,,
Alyssa Clavreul,0000-0003-1758-6661,0.0
Manon Boulay,,
Olivia Desgué-Itier,,
Edward Duarte,0000-0001-8788-909X,5.0
Valentin Essert,0000-0002-3197-7397,6.0
Ronny Lauerwald,0000-0001-5554-0897,110.0
Théo Mazure,0009-0001-0098-2855,8.0
Viet Tran-Khac,0009-0009-2450-3925,0.0
Justine Frison,,
Didier Jezequel,0000-0002-1983-9899,0.0
Hélène Masclaux,0000-0002-5869-8419,18.0
Laurent Millet,0000-0003-2050-206X,65.0
Jérôme Gaillardet,0000-0001-7982-1159,0.0
Fabien Arnaud,0000-0002-8706-9902,123.0
David Gateuille,0000-0002-3351-7458,12.0
Etienne Dambrine,0000-0001-8982-6340,0.0
David Etienne,0000-0003-1139-8678,0.0
Florence Mazier,0000-0003-2643-0925,54.0
Isabelle Domaizon,0000-0001-9785-3082,134.0
Julien Azuara,0000-0002-3533-3281,0.0
Laurent Marquer,0000-0002-5772-3782,65.0
Mathieu Dellinger,0000-0002-1770-4333,32.0
Nuno Carvalhais,0000-0003-0465-1436,142.0
Patrick Durand,0000-0002-5597-4457,8.0
Philippe Ciais,0000-0001-8560-4943,1.0
Yves Prairie,0000-0003-1210-992X,139.0
Pierre Sabatier,0000-0002-2734-1791,36.0
Valérie Verneaux,,
Ahmed-Adam Ali,0000-0002-6927-6633,8.0
Anaëlle Simonneau,0000-0001-6194-4812,34.0
Charline Giguet-Covex,0000-0002-5141-4815,37.0
Emilie Lyautey,0000-0003-0754-197X,44.0
Erwan Messager,0000-0001-5192-9088,57.0
Georges-Marie Saulnier,0000-0002-9130-7002,128.0
Jérôme Poulenard,0000-0003-0810-0308,312.0
Pierre Regnier,0000-0002-3241-3235,16.0
Vincent Chanudet,0000-0001-5980-5426,0.0
Fanny Colas,0000-0002-5485-6715,23.0
Aliénor Allain,0000-0002-5786-8754,5.0
Christine Delire,0000-0002-6114-3211,86.0
Lucie Germain,0009-0007-9644-3998,3.0
Maialen Barret,0000-0003-1583-4502,0.0
Julien Fouché,0000-0002-3943-3001,16.0
Laure Gandois,0000-0002-9326-6830,32.0
Olivier Thérond,0000-0003-0191-3509,41.0
Baptiste Lesquoy,,
Wafa Malik,0000-0002-3581-9652,1.0
Florian Goutieras,,
Julie Jimenez,0000-0002-6802-4696,22.0
Jonathan Vayssières,0000-0003-3127-7208,0.0
Jérémy Pantet,0009-0001-1771-8591,0.0
Tiziano Maisonhaute,0009-0005-1544-9454,0.0
Michelle Malara,,
Agathe Souiry,,
Marc Girard,0000-0001-7215-5237,3.0
Sandrine Allain,0000-0002-2868-8711,6.0
Thomas Houet,0000-0001-5890-6145,81.0
Jean-Luc Chotte,0000-0003-0633-0898,9.0
Jean-Marc Blazy,0000-0002-4132-0217,30.0
Suzon Garnier,0009-0007-3897-3886,2.0
Lorie Hamelin,0000-0001-9092-1900,97.0
Hélène Raynal,0000-0002-3492-0564,86.0
Hugo Senges,,
Julie Constantin,0000-0001-9647-5374,37.0
Hugues Clivot,0000-0002-5723-6925,53.0
Cyprien Drommi,0009-0005-4363-8850,0.0
Ludovic Harter,0009-0002-7417-7821,1.0
Oliver Fings,,
Ugo Javourez,0000-0001-6094-5493,5.0
Julia Le Noë,0000-0001-8816-5800,46.0
Laurent Saint-André,0000-0002-3089-416X,289.0
Simon Charriere,,
Dominique Courault,0000-0002-4812-127X,20.0
Manon Dardonville,0000-0003-0265-4385,1.0
Bernard Kurek,0000-0003-0756-8304,96.0
Arthur Lenoir,0000-0002-1248-2268,4.0
Bertrand Guenet,0000-0002-4311-8645,222.0
Xavier Raynaud,0000-0002-4100-3035,54.0
Lucas Auer,0000-0003-0223-9325,0.0
Laurent Augusto,0000-0002-7049-6000,158.0
François Baudin,0000-0003-3180-459X,213.0
Julien Sainte-Marie,0000-0002-8108-3519,7.0
Tobias Boelscher,,
Marie Anne Alexis,0000-0002-8280-1367,25.0
Gwenaëlle Lashermes,0000-0002-8269-3562,30.0
Valérie Pot,0000-0001-8210-7853,0.0
Nicolas Fanin,0000-0003-4195-855X,56.0
Frida Keuper,0000-0001-8673-7991,28.0
Mubarak Mahmud,0000-0003-1477-4990,3.0
Delphine Derrien,0000-0002-6482-2316,55.0
Guillaume Humbert,0000-0002-5071-1367,18.0
Julien Fouché,0000-0002-3943-3001,16.0
Hugues Clivot,0000-0002-5723-6925,53.0
Séverine Piutti,0000-0001-6334-0721,0.0
Clémentine Chirol,0000-0003-0932-4725,8.0
Gonzague Alavoine,0000-0001-5741-1087,2.0
Marc Buée,0000-0001-8614-3886,142.0
Catherine Henault,0000-0002-1210-2499,71.0
Fabien Ferchaud,0000-0002-2078-3570,47.0
Arnaud Legout,0000-0003-4706-424X,48.0
Angélique Gainvors-Claisse,0000-0002-7473-6112,2.0
Maryse Rouelle,0000-0002-6020-9610,0.0
Pascal Thiebeau,0000-0001-9120-652X,28.0
Olivier Delfosse,0009-0004-1220-4366,1.0
Charlotte Stutzmann,,
Nicolas Delpierre,0000-0003-0906-9402,82.0
Pierre Trichet,0000-0002-6938-1353,0.0
Bernhard Zeller,0000-0002-7035-7203,0.0
Luiz Domeignoz-Horta,,
Ali Faraj,0000-0001-6171-2720,44.0
Guillaume Vitte,0009-0009-8809-3216,0.0
Perle Bressan,,
Bastien Gerard,0000-0003-3132-0552,10.0
Loïc Louis,0000-0003-3806-5478,1.0
Nicolas Angeli,,
Jean Alric,0000-0003-3574-2234,51.0
Fabien Chardon,0000-0001-7909-3884,56.0
Katia Beauchene,,
Lucas Leverne,0009-0006-4131-7567,0.0
Nicolas Vuichard,0000-0002-3397-7948,121.0
Solan Levy,,
Xenie Johnson,0000-0003-3424-7047,42.0
Bernard Genty,0009-0001-5537-0522,0.0
Stefania Viola,0000-0002-6201-5772,33.0
Fabienne Maignan,0000-0001-5024-5928,140.0
Nicolas Viovy,0000-0002-9197-6417,213.0
Mathieu Marguerie,,
Anne Marmagne,0000-0003-3466-9477,26.0
Léo Tuffery,,
Clara Gilloteau,,
Samuel Abiven,0000-0002-5663-0912,145.0
Adeline Armelin,,
Alexandre Grondin,0000-0001-6726-6274,12.0
Isabelle Basile,0000-0002-0587-8141,50.0
Pierre Boutet,0009-0005-5171-9394,0.0
Brian Phouybanhdyt,0009-0008-5628-2453,0.0
Caroline Gauthier,0000-0002-5876-5896,22.0
Cathy Clermont-Dauphin,0000-0001-6500-9194,0.0
Christine Hatte,0000-0002-7086-2672,233.0
Blanche Collin,0000-0001-6173-1227,37.0
Daniel Moukouanga,,
David Pot,0000-0002-1480-9826,52.0
Delphine Derrien,0000-0002-6482-2316,55.0
Dominique Masse,0000-0002-3165-1469,49.0
Adrien Duvivier,0000-0003-1842-2802,0.0
Fabien De Bellis,0000-0001-7070-7691,0.0
Frederic Rees,0000-0002-4827-4452,25.0
Ghislain Gassier,0000-0003-2873-0251,29.0
Johannes Stuttmann,0000-0002-6207-094X,46.0
Komi Assigbetse,0000-0002-5181-6603,49.0
Laurent Cournac,0000-0003-0371-938X,117.0
Laurent Laplaze,0000-0002-6568-6504,136.0
Ludovic Henneron,0000-0002-3979-0543,9.0
Mariama Gueye,,
Marie-Ange Palomares,,
Sylvain Fochesato,,
Thierry Heulin,0000-0001-9502-2218,3.0
Vincent Garin,0000-0002-5571-1841,12.0
Vincent Vadez,0000-0003-2014-0281,329.0
Laurence Vidal,0000-0001-7597-3753,0.0
Wafa Achouak,0000-0003-4297-6661,17.0
Hélène Launay,0000-0003-0639-2642,24.0
Matthieu Bergé,0000-0002-0910-6114,14.0
Amel Latifi,0000-0002-0776-7349,2.0
Gilles Peltier,0000-0002-2226-3931,128.0
Yonghua Li-Beisson,0000-0003-1064-1816,120.0
Olivier Bornet,0000-0001-8931-4353,0.0
Glaucia Squizato,,
Gilles Boulet,0000-0002-3905-7560,120.0
Joannès Guillemot,0000-0003-4385-7656,53.0
Nicolas Barbier,0000-0002-5323-3866,105.0
Ivan Cornut,0000-0002-0043-4234,9.0
Emmanuel Tillard,0000-0001-7801-2392,0.0
Ibrahim Maïnassara,,
Damien Raclot,0000-0002-6445-6168,91.0
Liudmila Shirokova,0000-0001-9368-9086,0.0
Antoine Séjourné,,
Maialen Barret,0000-0003-1583-4502,0.0
Julien Fouché,0000-0002-3943-3001,16.0
Marie Anne Alexis,0000-0002-8280-1367,25.0
Samuel Abiven,0000-0002-5663-0912,145.0
Laure Gandois,0000-0002-9326-6830,32.0
Christine Delire,0000-0002-6114-3211,86.0
Bertrand Decharme,0000-0002-8661-1464,112.0
Xavier Raynaud,0000-0002-4100-3035,54.0
Laurent Orgogozo,0000-0001-7752-1427,0.0
Laure Gandois,0000-0002-9326-6830,32.0
Gwenaël Abril,0000-0002-4914-086X,130.0
Vincent Vantrepotte,0000-0002-0495-5977,0.0
Marie Arnaud,0000-0002-9650-3256,0.0
Aurélia Mouret,0000-0002-2258-7696,42.0
Tarik Meziane,0000-0003-2142-6441,101.0
Cédric Hubas,0000-0002-9110-9292,82.0
Charlotte Dromard,0000-0003-2877-1096,0.0
Pierre Le Moal,,
Cyril Marchand,0000-0002-3991-9431,5.0
Maximilien Mathian,0000-0003-2564-0410,10.0
Kapeliele Gututauava,,
Cornélia Rumpel,0000-0003-2131-9451,206.0
Dominique Lamy,0009-0000-0605-1624,20.0
Philélia Biron,,
Axel Felbacq,0000-0002-5611-6606,5.0
Julien Nemery,0000-0001-9826-7739,52.0
Nicolas Gratiot,0000-0002-9053-1694,84.0
Roberto Grilli,0000-0001-5636-264X,25.0
Edouard Metzger,0000-0002-5838-4540,85.0
Eric Bénéteau,,
Christophe Proisy,0000-0002-6718-863X,59.0
Jean-Luc Maeght,0000-0002-7292-1955,62.0
Lucie Lacourte,,
Sabine Schmidt,0000-0002-5657-7488,45.0
Hubert Loisel,0000-0003-2905-6465,0.0
Pierre Anschutz,0000-0001-5331-7974,0.0
Vona Méléder,0000-0002-1874-1929,30.0
Mélanie Raimonet,0000-0001-5953-3950,21.0
Florian Cesbron,0000-0001-7141-8592,13.0
Dominique Davoult,0000-0001-8678-3998,138.0
Fabien Gibert,,
Christine Dupuy,0000-0002-5634-1336,78.0
Edouard Metzger,0000-0002-5838-4540,85.0
Lionel Denis,0000-0003-3890-2037,52.0
Eric Chaumillon,0000-0003-1823-7834,81.0
Aurélia Mouret,0000-0002-2258-7696,42.0
Nicolas Spilmont,0000-0002-2380-1113,31.0
Emma Michaud,0000-0002-7304-4069,50.0
Johann Lavaud,0000-0002-4704-2502,86.0
Régis Gallon,0000-0002-1152-2408,4.0
Aline Migné,,
Cédric Boulart,0000-0003-2080-6987,22.0
Alexis Drogoul,0000-0002-9685-9199,2.0
Benoit Gaudou,0000-0002-9005-3004,37.0
Eléonor Loiseau,,
Patrice Buche,0000-0002-9134-5404,230.0
Pierre Thiriet,0000-0002-8030-4703,2.0
Jean-Christophe Soulié,0000-0003-2904-9548,57.0
Jean-Denis Mathias,0000-0002-6172-9079,99.0
Alassane Bah,0000-0003-1916-1931,91.0
Dominique Masse,0000-0002-3165-1469,49.0
Kevin Bertin,0000-0003-2437-6312,0.0
Petros Chatzimpiros,0000-0002-7696-7344,14.0
Antonello Lobianco,0000-0002-1534-8697,11.0
Kamel Louhichi,0000-0001-8449-5693,38.0
Bertrand Guenet,0000-0002-4311-8645,222.0
Douadia Bougherara,0000-0001-9976-8543,46.0
Sabine Lavorel,0009-0009-4425-0881,0.0
Raluca Parvulescu,0000-0003-1752-783X,1.0
Claudia Teran Escobar,0000-0002-3247-488X,5.0
Laure Bamière,0000-0001-6663-6472,1.0
Stéphane De Cara,0000-0002-2559-1877,44.0
Raphaële Preget,0000-0003-2650-148X,33.0
Sophie Thoyer,0000-0003-2900-2117,0.0
Jean-Philippe Boussemart,0000-0001-7932-6940,66.0
Laurence Delattre,0000-0002-1706-9958,0.0
Zhiyang Shen,0000-0002-5126-6461,86.0
Humberto Brea-Solis,0000-0001-5162-6546,0.0
Patricia Benezech-Sarron,,
Alexandra Langlais,0009-0007-9283-5038,0.0
Adrien Baysse-Lainé,0000-0002-8148-3483,19.0
Maylis Desrousseaux,0000-0002-4138-1431,0.0
Oriane Sulpice,0009-0007-6987-5584,30.0
Fabrice Etilé,0000-0001-5783-1823,30.0
Carole Dalin,0000-0002-2123-9622,49.0
Anne-Célia Disdier,0000-0002-0014-7091,0.0
Carl Gaigné,0000-0002-1540-234X,46.0
Christophe Gouel,0000-0002-3946-5222,17.0
Marie Plessz,0000-0001-7026-6224,59.0
Céline Bonnet,0000-0002-5355-6489,4.0
Laurent Muller,0000-0001-9634-4323,55.0
Benjamin Ouvrard,0000-0001-8314-0006,0.0
Marc Fleurbaey,0000-0002-5342-8065,7.0
Stéphane Zuber,0000-0002-4111-2397,40.0
Julia Le Noë,0000-0001-8816-5800,46.0
Jean-Marc Limousin,0000-0002-2734-2495,6.0
Jean-Marc Ourcival,0000-0002-3557-3496,2.0
Jean Kempf,0009-0006-2727-6797,0.0
Isabelle Chuine,0000-0003-3308-8785,26.0
Florent Mouillot,0000-0002-6548-4830,91.0
Christian Pichot,0000-0003-1636-9438,9.0
Guillaume Simioni,0009-0008-9218-8966,1.0
Olivier Marloie,0009-0001-9930-7111,0.0
Nicolas Martin Stpaul,,
Maxime Cailleret,0000-0001-6561-1943,47.0
Mathieu Santonja,0000-0002-6322-6352,62.0
Virginie Baldy,0000-0002-4048-5132,62.0
Elena Ormeno,0000-0002-3265-5883,85.0
Ilja Marco Reiter,,
Catherine Fernandez,0000-0002-6868-4774,128.0
Marie-Pierre Turpault,0009-0002-0483-892X,0.0
Paul-Olivier Redon,0000-0001-8734-1489,10.0
Xavier Morin,0000-0001-9999-0355,41.0
Nicolas Delpierre,0000-0003-0906-9402,82.0
Daniel Berveiller,0000-0001-7461-6420,77.0
Christophe Francois,0000-0003-4480-1822,59.0
Ivan Cornut,0000-0002-0043-4234,9.0
Yann Nouvellon,0000-0003-1920-3847,140.0
Guerric Le Maire,0000-0002-5227-958X,145.0
Aude Valade,0000-0001-6098-0643,15.0
Joannès Guillemot,0000-0003-4385-7656,53.0
Jean-Paul Laclau,0000-0002-2506-214X,162.0
Denis Loustau,0000-0003-3990-400X,390.0
Jean-Christophe Domec,0000-0003-0478-2559,165.0
Christophe Chipeaux,0000-0003-0338-8517,20.0
Mark Bakker,0000-0002-5629-2861,160.0
Mathias Cuntz,,
Emilie Joetzjer,0000-0001-6781-1535,18.0
Yann Nouvellon,0000-0003-1920-3847,140.0
Lionel Alletto,0000-0003-0933-9476,104.0
Pascal Jouquet,0000-0002-4189-5133,96.0
Mathilde Sester,0000-0002-2329-9119,47.0
Gilles Tison,0000-0003-4650-6085,0.0
Isabelle Bertrand,0000-0002-5646-0423,15.0
Catherine Henault,0000-0002-1210-2499,71.0
Joël Leonard,0000-0001-9950-9293,9.0
Florent Tivet,0000-0002-1179-8703,34.0
Myriam Adam,0000-0002-8873-6762,101.0
Rémi Cardinael,0000-0002-9924-3269,58.0
Eric Justes,0000-0001-7390-7058,171.0
"Benoit Marie ""ISEM""",0000-0001-5378-3940,63.0
Eric Ceschia,0000-0001-5941-752X,20.0
Benjamin Loubet,0000-0001-8825-8775,266.0
Isabelle Cousin,0000-0002-6238-5757,0.0
Gwenaëlle Lashermes,0000-0002-8269-3562,30.0
François Lebourgeois,0000-0002-2040-6150,146.0
Emmanuel Tillard,0000-0001-7801-2392,0.0
Aurélie Cambou,0000-0002-4661-7466,0.0
Cécile Gomez,0000-0002-2986-430X,95.0
François Baudin,0000-0003-3180-459X,213.0
Frédéric Frappart,0000-0002-4661-8274,276.0
Agnès Grossel,0000-0002-2659-9416,37.0
Bruna Winck,0000-0002-7996-9855,20.0
Israël Kpemoua,0000-0001-6589-4744,10.0
Benjamin Amann,0000-0002-0101-0433,17.0
Camille Bouchez,0000-0002-3094-6070,26.0
Julien Bouchez,0000-0003-4832-1615,0.0
Eric Chaumillon,0000-0003-1823-7834,81.0
Eliot Chatton,0000-0002-8234-1479,14.0
Christine Dupuy,0000-0002-5634-1336,78.0
Yoann Copard,0000-0002-6073-5100,0.0
Camille Crapart,0000-0001-9550-1075,4.0
Sophie Darfeuil,0000-0003-3307-2548,16.0
Clément Fabre,0009-0003-5592-7452,24.0
Laure Gandois,0000-0002-9326-6830,32.0
Josette Garnier,0000-0001-9416-9242,11.0
Sébastien Gogo,0000-0002-0867-497X,46.0
Sophie Guillon,0000-0002-1694-5477,16.0
Adrien Jacotot,0000-0002-0126-7597,27.0
Didier Jezequel,0000-0002-1983-9899,0.0
Line Jourdain,,
Viet Tran-Khac,0009-0009-2450-3925,0.0
Wolfgang Ludwig cefrem,0000-0002-3154-9114,53.0
Jeremy Mayen,0009-0001-9032-7079,0.0
Edouard Metzger,0000-0002-5838-4540,85.0
Jean-Sébastien Moquet,0000-0003-1925-9306,37.0
Julien Nemery,0000-0001-9826-7739,52.0
Pierre Polsenaere,0000-0002-2454-485X,93.0
Cristina Ribaudo,0000-0001-8992-221X,28.0
Philippe Rosa,0000-0001-6621-3445,4.0
Nicolas Savoye,0000-0001-6433-8519,68.0
Vincent Thieu,0000-0002-5753-8624,61.0
Delphine Tisserand,0000-0002-4749-8294,0.0
Claire Verin,,
Marine Afonso,,
Valentin Essert,0000-0002-3197-7397,6.0
Justine Frison,,
Hélène Masclaux,0000-0002-5869-8419,18.0
Vona Méléder,0000-0002-1874-1929,30.0
Laurent Millet,0000-0003-2050-206X,65.0
Roxane Ory,,
Hajar Saadelimanni,,
Thierry Dutoit,0000-0001-9461-9215,128.0
Olivier Darsonville,0009-0003-5568-6660,28.0
Sylvie Assagba,,
Oleg Pokrovsky,0000-0002-6440-865X,0.0
Julien Demenois,0000-0002-2271-8465,14.0
Jérôme Dutroncy,0009-0007-1574-700X,0.0
Perrine Franquet,,
Claire Heitz,,
